-- 사용자 Member
insert into member(id, username, nickname, password) values(1, 'testmember1@test.com', 'tester1', '$2a$10$JTey1IyI/l9tJwb0clOmqusclfj5wnz.tx9QaBNvcSdf0vPlSBC06')
insert into member(id, username, nickname, password) values(2, 'testmember2@test.com', 'tester2', '$2a$10$JTey1IyI/l9tJwb0clOmqusclfj5wnz.tx9QaBNvcSdf0vPlSBC06')

-- 카테고리 Category
    -- member1
insert into category values(1, '식비', 1)
insert into category values(2, '생활비', 1)
insert into category values(3, '여가', 1)
insert into category values(4, '교통', 1)
insert into category values(5, '기타', 1)
    -- member2
insert into category values(6, '식비', 2)
insert into category values(7, '생활비', 2)
insert into category values(8, '여가', 2)
insert into category values(9, '교통', 2)
insert into category values(10, '기타', 2)

-- 예산 Budget
    -- member1
insert into budget(id, total, name, start_date, end_date, member_id) values(1, 500000, '10월 예산', '2023-10-01', '2023-10-31', 1)
insert into budget(id, total, name, start_date, end_date, member_id) values(3, 1000000, '11월 예산', '2023-11-01', '2023-11-30', 1)
    -- member2
insert into budget(id, total, name, start_date, end_date, member_id) values(2, 1000000, '10월 예산', '2023-10-01', '2023-10-31', 2)

-- 카테고리별 예산 BudgetByCategory
    -- member1; 10월;
insert into budget_by_category(id, amount, budget_id, category_id) values(1, 200000, 1, 1)
insert into budget_by_category(id, amount, budget_id, category_id) values(2, 125000, 1, 2)
insert into budget_by_category(id, amount, budget_id, category_id) values(3, 125000, 1, 3)
insert into budget_by_category(id, amount, budget_id, category_id) values(4, 50000, 1, 4)
        -- 11월;
insert into budget_by_category(id, amount, budget_id, category_id) values(10, 250000, 3, 1)
insert into budget_by_category(id, amount, budget_id, category_id) values(11, 250000, 3, 2)
insert into budget_by_category(id, amount, budget_id, category_id) values(12, 250000, 3, 3)
insert into budget_by_category(id, amount, budget_id, category_id) values(13, 50000, 3, 4)
insert into budget_by_category(id, amount, budget_id, category_id) values(14, 200000, 3, 5)
    -- member2; 10월;
insert into budget_by_category(id, amount, budget_id, category_id) values(5, 250000, 2, 6)
insert into budget_by_category(id, amount, budget_id, category_id) values(6, 250000, 2, 7)
insert into budget_by_category(id, amount, budget_id, category_id) values(7, 250000, 2, 8)
insert into budget_by_category(id, amount, budget_id, category_id) values(8, 50000, 2, 9)
insert into budget_by_category(id, amount, budget_id, category_id) values(9, 200000, 2, 10)

-- 지출 Expenditure
    -- member1; 10월;
insert into expenditure(id, amount, usage_time, memo, is_excepted , budget_by_category_id, member_id) values(1, 10000, '2023-10-02 12:30', '점심', false, 1, 1)
insert into expenditure(id, amount, usage_time, memo, is_excepted, budget_by_category_id, member_id) values(2, 10000, '2023-10-03 12:30', '점심', false, 1, 1)
insert into expenditure(id, amount, usage_time, memo, is_excepted, budget_by_category_id, member_id) values(3, 10000, '2023-10-04 12:30', '점심', false, 1, 1)
insert into expenditure(id, amount, usage_time, memo, is_excepted, budget_by_category_id, member_id) values(4, 10000, '2023-10-05 12:30', '점심', false, 1, 1)
insert into expenditure(id, amount, usage_time, memo, is_excepted, budget_by_category_id, member_id) values(5, 10000, '2023-10-06 12:30', '점심', false, 1, 1)
insert into expenditure(id, amount, usage_time, memo, is_excepted, budget_by_category_id, member_id) values(6, 10000, '2023-10-09 12:30', '점심', false, 1, 1)
insert into expenditure(id, amount, usage_time, memo, is_excepted, budget_by_category_id, member_id) values(7, 10000, '2023-10-10 12:30', '점심', false, 1, 1)
insert into expenditure(id, amount, usage_time, memo, is_excepted, budget_by_category_id, member_id) values(8, 10000, '2023-10-11 12:30', '점심', false, 1, 1)
insert into expenditure(id, amount, usage_time, memo, is_excepted, budget_by_category_id, member_id) values(9, 10000, '2023-10-12 12:30', '점심', false, 1, 1)
insert into expenditure(id, amount, usage_time, memo, is_excepted, budget_by_category_id, member_id) values(10, 10000, '2023-10-13 12:30', '점심', false, 1, 1)
insert into expenditure(id, amount, usage_time, memo, is_excepted, budget_by_category_id, member_id) values(11, 10000, '2023-10-16 12:30', '점심', false, 1, 1)
insert into expenditure(id, amount, usage_time, memo, is_excepted, budget_by_category_id, member_id) values(12, 10000, '2023-10-17 12:30', '점심', false, 1, 1)
insert into expenditure(id, amount, usage_time, memo, is_excepted, budget_by_category_id, member_id) values(13, 10000, '2023-10-18 12:30', '점심', false, 1, 1)
insert into expenditure(id, amount, usage_time, memo, is_excepted, budget_by_category_id, member_id) values(14, 10000, '2023-10-19 12:30', '점심', false, 1, 1)
insert into expenditure(id, amount, usage_time, memo, is_excepted, budget_by_category_id, member_id) values(15, 10000, '2023-10-20 12:30', '점심', false, 1, 1)
insert into expenditure(id, amount, usage_time, memo, is_excepted, budget_by_category_id, member_id) values(16, 10000, '2023-10-23 12:30', '점심', false, 1, 1)
insert into expenditure(id, amount, usage_time, memo, is_excepted, budget_by_category_id, member_id) values(17, 10000, '2023-10-24 12:30', '점심', false, 1, 1)
insert into expenditure(id, amount, usage_time, memo, is_excepted, budget_by_category_id, member_id) values(18, 10000, '2023-10-25 12:30', '점심', false, 1, 1)
insert into expenditure(id, amount, usage_time, memo, is_excepted, budget_by_category_id, member_id) values(19, 10000, '2023-10-26 12:30', '점심', false, 1, 1)
insert into expenditure(id, amount, usage_time, memo, is_excepted, budget_by_category_id, member_id) values(20, 10000, '2023-10-27 12:30', '점심', false, 1, 1)
insert into expenditure(id, amount, usage_time, memo, is_excepted, budget_by_category_id, member_id) values(21, 20000, '2023-10-02 12:30', '생활비', false, 2, 1)
insert into expenditure(id, amount, usage_time, memo, is_excepted, budget_by_category_id, member_id) values(22, 15000, '2023-10-06 12:30', '여가', false, 3, 1)
insert into expenditure(id, amount, usage_time, memo, is_excepted, budget_by_category_id, member_id) values(23, 5000, '2023-10-04 12:30', '교통', false, 4, 1)
insert into expenditure(id, amount, usage_time, memo, is_excepted, budget_by_category_id, member_id) values(24, 10000, '2023-10-09 12:30', '생활비', false, 2, 1)
insert into expenditure(id, amount, usage_time, memo, is_excepted, budget_by_category_id, member_id) values(25, 20000, '2023-10-13 12:30', '여가', false, 3, 1)
insert into expenditure(id, amount, usage_time, memo, is_excepted, budget_by_category_id, member_id) values(26, 5000, '2023-10-11 12:30', '교통', false, 4, 1)
insert into expenditure(id, amount, usage_time, memo, is_excepted, budget_by_category_id, member_id) values(27, 10000, '2023-10-16 12:30', '생활비', false, 2, 1)
insert into expenditure(id, amount, usage_time, memo, is_excepted, budget_by_category_id, member_id) values(28, 15000, '2023-10-20 12:30', '여가', false, 3, 1)
insert into expenditure(id, amount, usage_time, memo, is_excepted, budget_by_category_id, member_id) values(29, 15000, '2023-10-18 12:30', '교통', false, 4, 1)
insert into expenditure(id, amount, usage_time, memo, is_excepted, budget_by_category_id, member_id) values(30, 10000, '2023-10-23 12:30', '생활비', false, 2, 1)
insert into expenditure(id, amount, usage_time, memo, is_excepted, budget_by_category_id, member_id) values(31, 15000, '2023-10-27 12:30', '여가', false, 3, 1)
insert into expenditure(id, amount, usage_time, memo, is_excepted, budget_by_category_id, member_id) values(32, 5000, '2023-10-25 12:30', '교통', false, 4, 1)
    -- member2; 10월;
insert into expenditure(id, amount, usage_time, memo, is_excepted , budget_by_category_id, member_id) values(33, 15000, '2023-10-02 12:30', '점심', false, 5, 2)
insert into expenditure(id, amount, usage_time, memo, is_excepted, budget_by_category_id, member_id) values(34, 16000, '2023-10-03 12:30', '점심', false, 5, 2)
insert into expenditure(id, amount, usage_time, memo, is_excepted, budget_by_category_id, member_id) values(35, 13000, '2023-10-04 12:30', '점심', false, 5, 2)
insert into expenditure(id, amount, usage_time, memo, is_excepted, budget_by_category_id, member_id) values(36, 17000, '2023-10-05 12:30', '점심', false, 5, 2)
insert into expenditure(id, amount, usage_time, memo, is_excepted, budget_by_category_id, member_id) values(37, 20000, '2023-10-06 12:30', '점심', false, 5, 2)
insert into expenditure(id, amount, usage_time, memo, is_excepted, budget_by_category_id, member_id) values(38, 15000, '2023-10-09 12:30', '점심', false, 5, 2)
insert into expenditure(id, amount, usage_time, memo, is_excepted, budget_by_category_id, member_id) values(39, 16000, '2023-10-10 12:30', '점심', false, 5, 2)
insert into expenditure(id, amount, usage_time, memo, is_excepted, budget_by_category_id, member_id) values(40, 13000, '2023-10-11 12:30', '점심', false, 5, 2)
insert into expenditure(id, amount, usage_time, memo, is_excepted, budget_by_category_id, member_id) values(41, 17000, '2023-10-12 12:30', '점심', false, 5, 2)
insert into expenditure(id, amount, usage_time, memo, is_excepted, budget_by_category_id, member_id) values(42, 20000, '2023-10-13 12:30', '점심', false, 5, 2)
insert into expenditure(id, amount, usage_time, memo, is_excepted, budget_by_category_id, member_id) values(43, 15000, '2023-10-16 12:30', '점심', false, 5, 2)
insert into expenditure(id, amount, usage_time, memo, is_excepted, budget_by_category_id, member_id) values(44, 16000, '2023-10-17 12:30', '점심', false, 5, 2)
insert into expenditure(id, amount, usage_time, memo, is_excepted, budget_by_category_id, member_id) values(45, 13000, '2023-10-18 12:30', '점심', false, 5, 2)
insert into expenditure(id, amount, usage_time, memo, is_excepted, budget_by_category_id, member_id) values(46, 17000, '2023-10-19 12:30', '점심', false, 5, 2)
insert into expenditure(id, amount, usage_time, memo, is_excepted, budget_by_category_id, member_id) values(47, 20000, '2023-10-20 12:30', '점심', false, 5, 2)
insert into expenditure(id, amount, usage_time, memo, is_excepted, budget_by_category_id, member_id) values(48, 15000, '2023-10-23 12:30', '점심', false, 5, 2)
insert into expenditure(id, amount, usage_time, memo, is_excepted, budget_by_category_id, member_id) values(49, 16000, '2023-10-24 12:30', '점심', false, 5, 2)
insert into expenditure(id, amount, usage_time, memo, is_excepted, budget_by_category_id, member_id) values(50, 13000, '2023-10-25 12:30', '점심', false, 5, 2)
insert into expenditure(id, amount, usage_time, memo, is_excepted, budget_by_category_id, member_id) values(51, 17000, '2023-10-26 12:30', '점심', false, 5, 2)
insert into expenditure(id, amount, usage_time, memo, is_excepted, budget_by_category_id, member_id) values(52, 20000, '2023-10-27 12:30', '점심', false, 5, 2)
insert into expenditure(id, amount, usage_time, memo, is_excepted, budget_by_category_id, member_id) values(53, 60000, '2023-10-02 12:30', '생활비', false, 6, 2)
insert into expenditure(id, amount, usage_time, memo, is_excepted, budget_by_category_id, member_id) values(54, 45000, '2023-10-06 12:30', '여가', false, 7, 2)
insert into expenditure(id, amount, usage_time, memo, is_excepted, budget_by_category_id, member_id) values(55, 15000, '2023-10-04 12:30', '교통', false, 8, 2)
insert into expenditure(id, amount, usage_time, memo, is_excepted, budget_by_category_id, member_id) values(56, 60000, '2023-10-09 12:30', '생활비', false, 6, 2)
insert into expenditure(id, amount, usage_time, memo, is_excepted, budget_by_category_id, member_id) values(57, 60000, '2023-10-13 12:30', '여가', false, 7, 2)
insert into expenditure(id, amount, usage_time, memo, is_excepted, budget_by_category_id, member_id) values(58, 15000, '2023-10-11 12:30', '교통', false, 8, 2)
insert into expenditure(id, amount, usage_time, memo, is_excepted, budget_by_category_id, member_id) values(59, 40000, '2023-10-16 12:30', '생활비', false, 6, 2)
insert into expenditure(id, amount, usage_time, memo, is_excepted, budget_by_category_id, member_id) values(60, 45000, '2023-10-20 12:30', '여가', false, 7, 2)
insert into expenditure(id, amount, usage_time, memo, is_excepted, budget_by_category_id, member_id) values(61, 45000, '2023-10-18 12:30', '교통', false, 8, 2)
insert into expenditure(id, amount, usage_time, memo, is_excepted, budget_by_category_id, member_id) values(62, 30000, '2023-10-23 12:30', '생활비', false, 6, 2)
insert into expenditure(id, amount, usage_time, memo, is_excepted, budget_by_category_id, member_id) values(63, 45000, '2023-10-27 12:30', '여가', false, 7, 2)
insert into expenditure(id, amount, usage_time, memo, is_excepted, budget_by_category_id, member_id) values(64, 15000, '2023-10-25 12:30', '교통', false, 8, 2)
insert into expenditure(id, amount, usage_time, memo, is_excepted, budget_by_category_id, member_id) values(65, 33000, '2023-10-03 12:30', '기타', false, 9, 2)
insert into expenditure(id, amount, usage_time, memo, is_excepted, budget_by_category_id, member_id) values(66, 33000, '2023-10-10 12:30', '기타', false, 9, 2)
insert into expenditure(id, amount, usage_time, memo, is_excepted, budget_by_category_id, member_id) values(67, 33000, '2023-10-17 12:30', '기타', false, 9, 2)
insert into expenditure(id, amount, usage_time, memo, is_excepted, budget_by_category_id, member_id) values(68, 33000, '2023-10-24 12:30', '기타', false, 9, 2)

